"","when","pacoVersion","experimentId","experimentVersion","actionTriggerId","actionId","actionSpecId","responseTime","scheduledTime","timeZone","presence","task","clarity","calm","tiredness","Form Duration","joined","schedule"
"1","2017/05/18 10:09:18+0000","4.2.25",6650267138260992,10,0,0,0,2017-05-18 10:09:08,NA,"+03:00",NA,NA,NA,NA,NA,NA,"false",NA
"2","2017/05/18 10:09:17+0000","4.2.25",6650267138260992,10,1479161737116,1479161737117,1479161737118,NA,2017-05-18 10:09:00,"+03:00",NA,NA,NA,NA,NA,NA,NA,NA
"3","2017/05/18 09:10:52+0000","4.2.25",6650267138260992,10,0,0,0,2017-05-18 09:10:49,NA,"+03:00",NA,257,NA,NA,NA,19,NA,NA
"4","2017/05/18 09:10:30+0000","4.2.25",6650267138260992,10,0,0,0,2017-05-18 09:10:26,NA,"+03:00",NA,NA,NA,NA,NA,NA,"true","New Group:[1479161737116:(1479161737118:Randomly 8 times per day between 10:00a.m. and 10:00p.m. incl weekends )]"
"5","2016/12/27 09:52:55+0000","4.2.25",6650267138260992,10,0,0,0,2016-12-27 09:52:52,NA,"+02:00",NA,NA,NA,NA,NA,NA,"false",NA
"6","2016/12/27 09:52:05+0000","4.2.25",6650267138260992,10,1479161737116,1479161737117,1479161737118,2016-12-27 09:52:01,2016-12-27 09:30:00,"+02:00",2,1,4.5,4.25,6.25,53,NA,NA
"7","2016/12/26 19:54:04+0000","4.2.25",6650267138260992,10,1479161737116,1479161737117,1479161737118,NA,2016-12-26 19:24:00,"+02:00",NA,NA,NA,NA,NA,NA,NA,NA
"8","2016/12/26 17:52:03+0000","4.2.25",6650267138260992,10,1479161737116,1479161737117,1479161737118,NA,2016-12-26 17:22:00,"+02:00",NA,NA,NA,NA,NA,NA,NA,NA
"9","2016/12/26 17:04:13+0000","4.2.25",6650267138260992,10,1479161737116,1479161737117,1479161737118,NA,2016-12-26 16:29:00,"+02:00",NA,NA,NA,NA,NA,NA,NA,NA
"10","2016/12/26 15:49:04+0000","4.2.25",6650267138260992,10,1479161737116,1479161737117,1479161737118,NA,2016-12-26 15:19:00,"+02:00",NA,NA,NA,NA,NA,NA,NA,NA
"11","2016/12/26 13:05:54+0000","4.2.25",6650267138260992,10,1479161737116,1479161737117,1479161737118,2016-12-26 13:05:50,2016-12-26 13:05:00,"+02:00",NA,NA,5.75,4.75,5.5,22,NA,NA
"12","2016/12/26 12:04:03+0000","4.2.25",6650267138260992,10,1479161737116,1479161737117,1479161737118,NA,2016-12-26 11:34:00,"+02:00",NA,NA,NA,NA,NA,NA,NA,NA
"13","2016/12/26 11:14:02+0000","4.2.25",6650267138260992,10,1479161737116,1479161737117,1479161737118,NA,2016-12-26 10:44:00,"+02:00",NA,NA,NA,NA,NA,NA,NA,NA
"14","2016/12/26 10:21:05+0000","4.2.25",6650267138260992,10,1479161737116,1479161737117,1479161737118,NA,2016-12-26 09:51:00,"+02:00",NA,NA,NA,NA,NA,NA,NA,NA
"15","2016/12/25 19:56:02+0000","4.2.25",6650267138260992,10,1479161737116,1479161737117,1479161737118,NA,2016-12-25 19:26:00,"+02:00",NA,NA,NA,NA,NA,NA,NA,NA
"16","2016/12/25 17:59:45+0000","4.2.25",6650267138260992,10,1479161737116,1479161737117,1479161737118,2016-12-25 17:59:42,2016-12-25 17:42:00,"+02:00",2,NA,4,4.25,8.5,30,NA,NA
"17","2016/12/25 16:06:57+0000","4.2.25",6650267138260992,10,1479161737116,1479161737117,1479161737118,2016-12-25 16:06:52,2016-12-25 16:06:00,"+02:00",2,6,5,4.75,5.75,36,NA,NA
"18","2016/12/25 14:59:20+0000","4.2.25",6650267138260992,10,1479161737116,1479161737117,1479161737118,2016-12-25 14:59:17,2016-12-25 14:53:00,"+02:00",1,3,5.25,4.75,7.5,31,NA,NA
"19","2016/12/25 14:11:31+0000","4.2.25",6650267138260992,10,1479161737116,1479161737117,1479161737118,2016-12-25 14:11:27,2016-12-25 14:08:00,"+02:00",2,NA,5.25,4.75,7,76,NA,NA
"20","2016/12/25 13:01:04+0000","4.2.25",6650267138260992,10,1479161737116,1479161737117,1479161737118,2016-12-25 13:01:00,2016-12-25 12:43:00,"+02:00",1,6,5.25,4.5,6,41,NA,NA
"21","2016/12/25 10:57:46+0000","4.2.25",6650267138260992,10,1479161737116,1479161737117,1479161737118,2016-12-25 10:57:41,2016-12-25 10:44:00,"+02:00",2,5,5,4.75,5.25,81,NA,NA
"22","2016/12/25 09:37:04+0000","4.2.25",6650267138260992,10,1479161737116,1479161737117,1479161737118,2016-12-25 09:36:54,2016-12-25 09:33:00,"+02:00",2,1,5.25,4.75,5.25,100,NA,NA
"23","2016/12/24 19:33:03+0000","4.2.25",6650267138260992,10,1479161737116,1479161737117,1479161737118,NA,2016-12-24 19:03:00,"+02:00",NA,NA,NA,NA,NA,NA,NA,NA
"24","2016/12/24 18:28:03+0000","4.2.25",6650267138260992,10,1479161737116,1479161737117,1479161737118,NA,2016-12-24 17:58:00,"+02:00",NA,NA,NA,NA,NA,NA,NA,NA
"25","2016/12/24 16:10:00+0000","4.2.25",6650267138260992,10,1479161737116,1479161737117,1479161737118,2016-12-24 16:09:57,2016-12-24 15:52:00,"+02:00",2,4,4.75,4.75,5.75,25,NA,NA
"26","2016/12/24 14:53:05+0000","4.2.25",6650267138260992,10,1479161737116,1479161737117,1479161737118,2016-12-24 14:52:59,2016-12-24 14:44:00,"+02:00",2,5,4.5,4.5,6,35,NA,NA
"27","2016/12/24 13:34:09+0000","4.2.25",6650267138260992,10,1479161737116,1479161737117,1479161737118,2016-12-24 13:34:06,2016-12-24 13:29:00,"+02:00",2,4,4.75,4.75,5.5,47,NA,NA
"28","2016/12/24 11:43:52+0000","4.2.25",6650267138260992,10,1479161737116,1479161737117,1479161737118,2016-12-24 11:43:48,2016-12-24 11:38:00,"+02:00",1,3,4.75,4.25,7.25,22,NA,NA
"29","2016/12/24 11:00:22+0000","4.2.25",6650267138260992,10,1479161737116,1479161737117,1479161737118,2016-12-24 11:00:20,2016-12-24 10:33:00,"+02:00",1,1,4.25,4.75,7.75,53,NA,NA
"30","2016/12/24 10:17:03+0000","4.2.25",6650267138260992,10,1479161737116,1479161737117,1479161737118,NA,2016-12-24 09:47:00,"+02:00",NA,NA,NA,NA,NA,NA,NA,NA
"31","2016/12/23 20:47:37+0000","4.2.25",6650267138260992,10,1479161737116,1479161737117,1479161737118,2016-12-23 20:01:32,2016-12-23 19:51:00,"+02:00",2,4,4.75,4,6,35,NA,NA
"32","2016/12/23 17:38:03+0000","4.2.25",6650267138260992,10,1479161737116,1479161737117,1479161737118,NA,2016-12-23 17:08:00,"+02:00",NA,NA,NA,NA,NA,NA,NA,NA
"33","2016/12/23 16:51:02+0000","4.2.25",6650267138260992,10,1479161737116,1479161737117,1479161737118,NA,2016-12-23 16:21:00,"+02:00",NA,NA,NA,NA,NA,NA,NA,NA
"34","2016/12/23 15:35:47+0000","4.2.25",6650267138260992,10,1479161737116,1479161737117,1479161737118,2016-12-23 15:35:45,2016-12-23 15:29:00,"+02:00",2,5,5.25,4.75,6.25,22,NA,NA
"35","2016/12/23 13:11:42+0000","4.2.25",6650267138260992,10,1479161737116,1479161737117,1479161737118,2016-12-23 13:11:38,2016-12-23 13:02:00,"+02:00",2,4,6.25,4.75,5.5,41,NA,NA
"36","2016/12/23 12:26:01+0000","4.2.25",6650267138260992,10,1479161737116,1479161737117,1479161737118,NA,2016-12-23 11:56:00,"+02:00",NA,NA,NA,NA,NA,NA,NA,NA
"37","2016/12/23 11:21:03+0000","4.2.25",6650267138260992,10,1479161737116,1479161737117,1479161737118,NA,2016-12-23 10:51:00,"+02:00",NA,NA,NA,NA,NA,NA,NA,NA
"38","2016/12/23 09:17:07+0000","4.2.25",6650267138260992,10,1479161737116,1479161737117,1479161737118,NA,2016-12-23 08:47:00,"+02:00",NA,NA,NA,NA,NA,NA,NA,NA
"39","2016/12/22 19:42:06+0000","4.2.25",6650267138260992,10,1479161737116,1479161737117,1479161737118,NA,2016-12-22 19:12:00,"+02:00",NA,NA,NA,NA,NA,NA,NA,NA
"40","2016/12/22 18:01:31+0000","4.2.25",6650267138260992,10,1479161737116,1479161737117,1479161737118,2016-12-22 18:01:24,2016-12-22 17:51:00,"+02:00",2,2,5.25,4.25,7.5,22,NA,NA
"41","2016/12/22 16:58:08+0000","4.2.25",6650267138260992,10,1479161737116,1479161737117,1479161737118,NA,2016-12-22 16:28:00,"+02:00",NA,NA,NA,NA,NA,NA,NA,NA
"42","2016/12/22 15:24:21+0000","4.2.25",6650267138260992,10,1479161737116,1479161737117,1479161737118,2016-12-22 15:24:12,2016-12-22 15:23:00,"+02:00",2,5,5.25,4.75,4.75,66,NA,NA
"43","2016/12/22 13:27:07+0000","4.2.25",6650267138260992,10,1479161737116,1479161737117,1479161737118,NA,2016-12-22 12:57:00,"+02:00",NA,NA,NA,NA,NA,NA,NA,NA
"44","2016/12/22 11:58:08+0000","4.2.25",6650267138260992,10,1479161737116,1479161737117,1479161737118,NA,2016-12-22 11:28:00,"+02:00",NA,NA,NA,NA,NA,NA,NA,NA
"45","2016/12/22 10:19:49+0000","4.2.25",6650267138260992,10,1479161737116,1479161737117,1479161737118,2016-12-22 10:19:41,2016-12-22 10:04:00,"+02:00",2,5,5.25,4,5.25,133,NA,NA
"46","2016/12/22 09:06:02+0000","4.2.25",6650267138260992,10,1479161737116,1479161737117,1479161737118,2016-12-22 09:05:54,2016-12-22 09:02:00,"+02:00",2,NA,4.5,3.75,7.25,77,NA,NA
"47","2016/12/21 18:37:11+0000","4.2.25",6650267138260992,10,1479161737116,1479161737117,1479161737118,2016-12-21 18:37:06,2016-12-21 18:34:00,"+02:00",2,2,5.25,4.75,5.5,21,NA,NA
"48","2016/12/21 18:12:21+0000","4.2.25",6650267138260992,10,1479161737116,1479161737117,1479161737118,2016-12-21 18:12:16,2016-12-21 17:46:00,"+02:00",2,5,5.5,5,4.75,19,NA,NA
"49","2016/12/21 17:30:07+0000","4.2.25",6650267138260992,10,1479161737116,1479161737117,1479161737118,NA,2016-12-21 17:00:00,"+02:00",NA,NA,NA,NA,NA,NA,NA,NA
"50","2016/12/21 15:11:01+0000","4.2.25",6650267138260992,10,1479161737116,1479161737117,1479161737118,2016-12-21 15:10:57,2016-12-21 15:08:00,"+02:00",2,1,4.75,4.75,6.25,63,NA,NA
"51","2016/12/21 14:38:07+0000","4.2.25",6650267138260992,10,1479161737116,1479161737117,1479161737118,NA,2016-12-21 14:08:00,"+02:00",NA,NA,NA,NA,NA,NA,NA,NA
"52","2016/12/21 12:35:31+0000","4.2.25",6650267138260992,10,1479161737116,1479161737117,1479161737118,NA,2016-12-21 12:02:00,"+02:00",NA,NA,NA,NA,NA,NA,NA,NA
"53","2016/12/21 11:13:06+0000","4.2.25",6650267138260992,10,1479161737116,1479161737117,1479161737118,2016-12-21 11:13:00,2016-12-21 11:10:00,"+02:00",2,5,5.25,4.75,5.75,30,NA,NA
"54","2016/12/21 09:44:24+0000","4.2.25",6650267138260992,10,1479161737116,1479161737117,1479161737118,2016-12-21 09:44:17,2016-12-21 09:41:00,"+02:00",2,3,4.75,4.75,7.75,41,NA,NA
"55","2016/12/20 19:22:06+0000","4.2.25",6650267138260992,10,1479161737116,1479161737117,1479161737118,NA,2016-12-20 18:52:00,"+02:00",NA,NA,NA,NA,NA,NA,NA,NA
"56","2016/12/20 18:06:06+0000","4.2.25",6650267138260992,10,1479161737116,1479161737117,1479161737118,NA,2016-12-20 17:36:00,"+02:00",NA,NA,NA,NA,NA,NA,NA,NA
"57","2016/12/20 18:06:06+0000","4.2.25",6650267138260992,10,1479161737116,1479161737117,1479161737118,NA,2016-12-20 16:27:00,"+02:00",NA,NA,NA,NA,NA,NA,NA,NA
"58","2016/12/20 15:57:04+0000","4.2.25",6650267138260992,10,1479161737116,1479161737117,1479161737118,NA,2016-12-20 15:27:00,"+02:00",NA,NA,NA,NA,NA,NA,NA,NA
"59","2016/12/20 14:21:55+0000","4.2.25",6650267138260992,10,1479161737116,1479161737117,1479161737118,2016-12-20 14:21:50,2016-12-20 14:02:00,"+02:00",2,2,5.25,4.25,7,132,NA,NA
"60","2016/12/20 12:48:33+0000","4.2.25",6650267138260992,10,1479161737116,1479161737117,1479161737118,2016-12-20 12:48:26,2016-12-20 12:39:00,"+02:00",2,4,5.5,4.25,5.25,35,NA,NA
"61","2016/12/20 10:52:06+0000","4.2.25",6650267138260992,10,1479161737116,1479161737117,1479161737118,NA,2016-12-20 10:22:00,"+02:00",NA,NA,NA,NA,NA,NA,NA,NA
"62","2016/12/20 09:09:05+0000","4.2.25",6650267138260992,10,1479161737116,1479161737117,1479161737118,NA,2016-12-20 08:39:00,"+02:00",NA,NA,NA,NA,NA,NA,NA,NA
"63","2016/12/19 19:12:51+0000","4.2.25",6650267138260992,10,1479161737116,1479161737117,1479161737118,2016-12-19 19:12:47,2016-12-19 19:11:00,"+02:00",2,5,5.25,4.5,4.75,39,NA,NA
"64","2016/12/19 18:43:53+0000","4.2.25",6650267138260992,10,1479161737116,1479161737117,1479161737118,2016-12-19 18:43:49,2016-12-19 18:22:00,"+02:00",2,4,5.5,4.75,6,46,NA,NA
"65","2016/12/19 17:07:03+0000","4.2.25",6650267138260992,10,1479161737116,1479161737117,1479161737118,NA,2016-12-19 16:37:00,"+02:00",NA,NA,NA,NA,NA,NA,NA,NA
"66","2016/12/19 15:56:05+0000","4.2.25",6650267138260992,10,1479161737116,1479161737117,1479161737118,NA,2016-12-19 15:26:00,"+02:00",NA,NA,NA,NA,NA,NA,NA,NA
"67","2016/12/19 14:41:07+0000","4.2.25",6650267138260992,10,1479161737116,1479161737117,1479161737118,NA,2016-12-19 14:11:00,"+02:00",NA,NA,NA,NA,NA,NA,NA,NA
"68","2016/12/19 12:35:57+0000","4.2.25",6650267138260992,10,1479161737116,1479161737117,1479161737118,2016-12-19 12:35:51,2016-12-19 12:33:00,"+02:00",2,5,5.75,4.75,6,27,NA,NA
"69","2016/12/19 11:12:33+0000","4.2.25",6650267138260992,10,1479161737116,1479161737117,1479161737118,2016-12-19 11:12:30,NA,"+02:00",2,4,5,5.25,6.25,41,NA,NA
"70","2016/12/19 11:12:04+0000","4.2.25",6650267138260992,10,1479161737116,1479161737117,1479161737118,NA,2016-12-19 10:42:00,"+02:00",NA,NA,NA,NA,NA,NA,NA,NA
"71","2016/12/19 09:34:10+0000","4.2.25",6650267138260992,10,1479161737116,1479161737117,1479161737118,2016-12-19 09:34:03,2016-12-19 09:33:00,"+02:00",2,5,4.75,4,5.75,33,NA,NA
"72","2016/12/18 19:56:01+0000","4.2.25",6650267138260992,10,1479161737116,1479161737117,1479161737118,NA,2016-12-18 19:26:00,"+02:00",NA,NA,NA,NA,NA,NA,NA,NA
"73","2016/12/18 19:00:04+0000","4.2.25",6650267138260992,10,1479161737116,1479161737117,1479161737118,NA,2016-12-18 18:30:00,"+02:00",NA,NA,NA,NA,NA,NA,NA,NA
"74","2016/12/18 17:32:03+0000","4.2.25",6650267138260992,10,1479161737116,1479161737117,1479161737118,NA,2016-12-18 17:02:00,"+02:00",NA,NA,NA,NA,NA,NA,NA,NA
"75","2016/12/18 15:44:53+0000","4.2.25",6650267138260992,10,1479161737116,1479161737117,1479161737118,2016-12-18 15:44:50,2016-12-18 15:34:00,"+02:00",2,2,5.5,4.5,5.75,36,NA,NA
"76","2016/12/18 14:39:02+0000","4.2.25",6650267138260992,10,1479161737116,1479161737117,1479161737118,NA,2016-12-18 14:09:00,"+02:00",NA,NA,NA,NA,NA,NA,NA,NA
"77","2016/12/18 12:47:05+0000","4.2.25",6650267138260992,10,1479161737116,1479161737117,1479161737118,2016-12-18 12:47:00,2016-12-18 12:29:00,"+02:00",2,2,4.75,4.5,5.5,50,NA,NA
"78","2016/12/18 11:48:05+0000","4.2.25",6650267138260992,10,1479161737116,1479161737117,1479161737118,NA,2016-12-18 11:18:00,"+02:00",NA,NA,NA,NA,NA,NA,NA,NA
"79","2016/12/18 09:22:51+0000","4.2.25",6650267138260992,10,1479161737116,1479161737117,1479161737118,2016-12-18 09:22:46,2016-12-18 08:58:00,"+02:00",2,1,4.75,4.5,6.5,33,NA,NA
"80","2016/12/17 20:25:07+0000","4.2.25",6650267138260992,10,1479161737116,1479161737117,1479161737118,NA,2016-12-17 19:55:00,"+02:00",NA,NA,NA,NA,NA,NA,NA,NA
"81","2016/12/17 18:31:04+0000","4.2.25",6650267138260992,10,1479161737116,1479161737117,1479161737118,NA,2016-12-17 18:01:00,"+02:00",NA,NA,NA,NA,NA,NA,NA,NA
"82","2016/12/17 16:57:02+0000","4.2.25",6650267138260992,10,1479161737116,1479161737117,1479161737118,NA,2016-12-17 16:27:00,"+02:00",NA,NA,NA,NA,NA,NA,NA,NA
"83","2016/12/17 14:37:37+0000","4.2.25",6650267138260992,10,1479161737116,1479161737117,1479161737118,2016-12-17 14:37:33,2016-12-17 14:37:00,"+02:00",2,5,4.5,4.25,7.5,27,NA,NA
"84","2016/12/17 13:54:54+0000","4.2.25",6650267138260992,10,1479161737116,1479161737117,1479161737118,2016-12-17 13:54:51,2016-12-17 13:44:00,"+02:00",2,5,4.5,2.5,7.25,41,NA,NA
"85","2016/12/17 12:57:04+0000","4.2.25",6650267138260992,10,1479161737116,1479161737117,1479161737118,NA,2016-12-17 12:27:00,"+02:00",NA,NA,NA,NA,NA,NA,NA,NA
"86","2016/12/17 11:27:04+0000","4.2.25",6650267138260992,10,1479161737116,1479161737117,1479161737118,NA,2016-12-17 10:57:00,"+02:00",NA,NA,NA,NA,NA,NA,NA,NA
"87","2016/12/17 08:51:35+0000","4.2.25",6650267138260992,10,1479161737116,1479161737117,1479161737118,2016-12-17 08:51:32,2016-12-17 08:44:00,"+02:00",2,5,5.25,3.5,5.5,59,NA,NA
"88","2016/12/16 20:04:06+0000","4.2.25",6650267138260992,10,1479161737116,1479161737117,1479161737118,NA,2016-12-16 19:34:00,"+02:00",NA,NA,NA,NA,NA,NA,NA,NA
"89","2016/12/16 18:48:06+0000","4.2.25",6650267138260992,10,1479161737116,1479161737117,1479161737118,NA,2016-12-16 18:18:00,"+02:00",NA,NA,NA,NA,NA,NA,NA,NA
"90","2016/12/16 17:15:05+0000","4.2.25",6650267138260992,10,1479161737116,1479161737117,1479161737118,NA,2016-12-16 16:45:00,"+02:00",NA,NA,NA,NA,NA,NA,NA,NA
"91","2016/12/16 15:44:29+0000","4.2.25",6650267138260992,10,1479161737116,1479161737117,1479161737118,2016-12-16 15:44:23,2016-12-16 15:17:00,"+02:00",2,5,5.25,4.5,6.25,40,NA,NA
"92","2016/12/16 14:14:47+0000","4.2.25",6650267138260992,10,1479161737116,1479161737117,1479161737118,2016-12-16 14:14:40,2016-12-16 14:13:00,"+02:00",2,1,5.25,4.5,6,18,NA,NA
"93","2016/12/16 12:48:10+0000","4.2.25",6650267138260992,10,1479161737116,1479161737117,1479161737118,2016-12-16 12:48:05,2016-12-16 12:34:00,"+02:00",2,2,5.25,4.5,6,25,NA,NA
"94","2016/12/16 10:30:56+0000","4.2.25",6650267138260992,10,1479161737116,1479161737117,1479161737118,2016-12-16 10:30:50,2016-12-16 10:18:00,"+02:00",2,1,5.5,4.5,6.25,31,NA,NA
"95","2016/12/16 09:33:07+0000","4.2.25",6650267138260992,10,1479161737116,1479161737117,1479161737118,2016-12-16 09:33:02,2016-12-16 09:31:00,"+02:00",2,3,4.75,4.5,5.25,116,NA,NA
"96","2016/12/15 19:07:05+0000","4.2.25",6650267138260992,10,1479161737116,1479161737117,1479161737118,NA,2016-12-15 18:37:00,"+02:00",NA,NA,NA,NA,NA,NA,NA,NA
"97","2016/12/15 17:38:05+0000","4.2.25",6650267138260992,10,1479161737116,1479161737117,1479161737118,NA,2016-12-15 17:08:00,"+02:00",NA,NA,NA,NA,NA,NA,NA,NA
"98","2016/12/15 16:18:32+0000","4.2.25",6650267138260992,10,1479161737116,1479161737117,1479161737118,2016-12-15 16:18:28,2016-12-15 16:08:00,"+02:00",2,5,5.25,4.5,5.25,615,NA,NA
"99","2016/12/15 15:16:12+0000","4.2.25",6650267138260992,10,1479161737116,1479161737117,1479161737118,2016-12-15 15:16:06,2016-12-15 15:08:00,"+02:00",3,2,4.75,4.5,7,40,NA,NA
"100","2016/12/15 14:14:27+0000","4.2.25",6650267138260992,10,1479161737116,1479161737117,1479161737118,2016-12-15 14:14:20,2016-12-15 14:09:00,"+02:00",2,2,5.25,4.5,7,84,NA,NA
"101","2016/12/15 12:30:05+0000","4.2.25",6650267138260992,10,1479161737116,1479161737117,1479161737118,NA,2016-12-15 12:00:00,"+02:00",NA,NA,NA,NA,NA,NA,NA,NA
"102","2016/12/15 11:18:04+0000","4.2.25",6650267138260992,10,1479161737116,1479161737117,1479161737118,NA,2016-12-15 10:48:00,"+02:00",NA,NA,NA,NA,NA,NA,NA,NA
"103","2016/12/15 10:07:51+0000","4.2.25",6650267138260992,10,1479161737116,1479161737117,1479161737118,2016-12-15 10:07:46,2016-12-15 09:46:00,"+02:00",2,4,6.25,4.75,5.5,166,NA,NA
"104","2016/12/14 19:50:18+0000","4.2.25",6650267138260992,10,1479161737116,1479161737117,1479161737118,2016-12-14 19:50:14,2016-12-14 19:27:00,"+02:00",2,4,4.75,4.5,6,69,NA,NA
"105","2016/12/14 18:48:02+0000","4.2.25",6650267138260992,10,1479161737116,1479161737117,1479161737118,NA,2016-12-14 18:18:00,"+02:00",NA,NA,NA,NA,NA,NA,NA,NA
"106","2016/12/14 16:23:47+0000","4.2.25",6650267138260992,10,1479161737116,1479161737117,1479161737118,2016-12-14 16:23:42,2016-12-14 16:19:00,"+02:00",2,5,4.75,4.5,6.25,20,NA,NA
"107","2016/12/14 14:56:05+0000","4.2.25",6650267138260992,10,1479161737116,1479161737117,1479161737118,NA,2016-12-14 14:26:00,"+02:00",NA,NA,NA,NA,NA,NA,NA,NA
"108","2016/12/14 13:07:59+0000","4.2.25",6650267138260992,10,1479161737116,1479161737117,1479161737118,2016-12-14 13:07:55,2016-12-14 12:57:00,"+02:00",2,2,5.25,4.75,5.5,306,NA,NA
"109","2016/12/14 11:29:21+0000","4.2.25",6650267138260992,10,1479161737116,1479161737117,1479161737118,2016-12-14 11:29:18,2016-12-14 11:27:00,"+02:00",2,1,5.5,5,5.75,31,NA,NA
"110","2016/12/14 10:45:23+0000","4.2.25",6650267138260992,10,1479161737116,1479161737117,1479161737118,2016-12-14 10:45:17,2016-12-14 10:23:00,"+02:00",2,5,5.5,5,5.5,35,NA,NA
"111","2016/12/14 09:42:04+0000","4.2.25",6650267138260992,10,1479161737116,1479161737117,1479161737118,NA,2016-12-14 09:12:00,"+02:00",NA,NA,NA,NA,NA,NA,NA,NA
"112","2016/12/13 21:28:51+0000","4.2.25",6650267138260992,10,1479161737116,1479161737117,1479161737118,2016-12-13 19:11:41,2016-12-13 19:10:00,"+02:00",2,1,5,4.75,5.75,23,NA,NA
"113","2016/12/13 17:30:16+0000","4.2.25",6650267138260992,10,1479161737116,1479161737117,1479161737118,2016-12-13 17:30:10,2016-12-13 17:19:00,"+02:00",2,4,5.5,4.5,5.5,23,NA,NA
"114","2016/12/13 16:17:40+0000","4.2.25",6650267138260992,10,1479161737116,1479161737117,1479161737118,2016-12-13 16:17:36,2016-12-13 16:17:00,"+02:00",1,2,5.5,4.75,5.5,30,NA,NA
"115","2016/12/13 15:33:15+0000","4.2.25",6650267138260992,10,1479161737116,1479161737117,1479161737118,2016-12-13 15:33:09,2016-12-13 15:17:00,"+02:00",2,2,5.25,4.75,6.25,25,NA,NA
"116","2016/12/13 14:13:40+0000","4.2.25",6650267138260992,10,1479161737116,1479161737117,1479161737118,2016-12-13 14:13:36,2016-12-13 13:57:00,"+02:00",2,NA,5.25,4.75,5,93,NA,NA
"117","2016/12/13 12:43:49+0000","4.2.25",6650267138260992,10,1479161737116,1479161737117,1479161737118,2016-12-13 12:43:42,2016-12-13 12:23:00,"+02:00",2,2,5.5,5,4.75,21,NA,NA
"118","2016/12/13 11:29:06+0000","4.2.25",6650267138260992,10,0,0,0,2016-12-13 11:29:02,NA,"+02:00",2,4,5.5,5.25,4.75,61,NA,NA
"119","2016/12/13 11:19:05+0000","4.2.25",6650267138260992,10,1479161737116,1479161737117,1479161737118,NA,2016-12-13 10:49:00,"+02:00",NA,NA,NA,NA,NA,NA,NA,NA
"120","2016/12/13 09:29:40+0000","4.2.25",6650267138260992,10,1479161737116,1479161737117,1479161737118,2016-12-13 09:29:34,2016-12-13 09:17:00,"+02:00",2,5,5,4.25,5.75,48,NA,NA
"121","2016/12/12 19:21:04+0000","4.2.25",6650267138260992,10,1479161737116,1479161737117,1479161737118,NA,2016-12-12 18:51:00,"+02:00",NA,NA,NA,NA,NA,NA,NA,NA
"122","2016/12/12 18:22:05+0000","4.2.25",6650267138260992,10,1479161737116,1479161737117,1479161737118,NA,2016-12-12 17:52:00,"+02:00",NA,NA,NA,NA,NA,NA,NA,NA
"123","2016/12/12 17:18:06+0000","4.2.25",6650267138260992,10,1479161737116,1479161737117,1479161737118,NA,2016-12-12 16:48:00,"+02:00",NA,NA,NA,NA,NA,NA,NA,NA
"124","2016/12/12 14:47:10+0000","4.2.25",6650267138260992,10,1479161737116,1479161737117,1479161737118,2016-12-12 14:47:06,2016-12-12 14:41:00,"+02:00",2,2,4.75,4.5,6.25,30,NA,NA
"125","2016/12/12 14:24:12+0000","4.2.25",6650267138260992,10,1479161737116,1479161737117,1479161737118,2016-12-12 14:24:10,NA,"+02:00",2,NA,5.25,4.25,5.5,73,NA,NA
"126","2016/12/12 14:23:03+0000","4.2.25",6650267138260992,10,1479161737116,1479161737117,1479161737118,NA,2016-12-12 13:53:00,"+02:00",NA,NA,NA,NA,NA,NA,NA,NA
"127","2016/12/12 12:19:03+0000","4.2.25",6650267138260992,10,1479161737116,1479161737117,1479161737118,NA,2016-12-12 11:49:00,"+02:00",NA,NA,NA,NA,NA,NA,NA,NA
"128","2016/12/12 11:08:05+0000","4.2.25",6650267138260992,10,1479161737116,1479161737117,1479161737118,NA,2016-12-12 10:38:00,"+02:00",NA,NA,NA,NA,NA,NA,NA,NA
"129","2016/12/12 10:05:41+0000","4.2.25",6650267138260992,10,1479161737116,1479161737117,1479161737118,2016-12-12 10:05:36,2016-12-12 09:43:00,"+02:00",2,4,5.5,4.5,5.5,31,NA,NA
"130","2016/12/11 19:36:54+0000","4.2.25",6650267138260992,10,1479161737116,1479161737117,1479161737118,2016-12-11 19:36:51,2016-12-11 19:35:00,"+02:00",3,8,5.25,4.25,5.75,48,NA,NA
"131","2016/12/11 18:44:02+0000","4.2.25",6650267138260992,10,1479161737116,1479161737117,1479161737118,NA,2016-12-11 18:14:00,"+02:00",NA,NA,NA,NA,NA,NA,NA,NA
"132","2016/12/11 17:12:39+0000","4.2.25",6650267138260992,10,1479161737116,1479161737117,1479161737118,2016-12-11 17:12:34,2016-12-11 17:01:00,"+02:00",2,5,5,4.25,5.25,70,NA,NA
"133","2016/12/11 15:41:08+0000","4.2.25",6650267138260992,10,1479161737116,1479161737117,1479161737118,2016-12-11 15:41:05,2016-12-11 15:38:00,"+02:00",3,2,5.5,4.75,5.25,35,NA,NA
"134","2016/12/11 14:38:42+0000","4.2.25",6650267138260992,10,1479161737116,1479161737117,1479161737118,2016-12-11 14:38:38,2016-12-11 14:12:00,"+02:00",3,2,5.5,4.75,6,165,NA,NA
"135","2016/12/11 11:53:51+0000","4.2.25",6650267138260992,10,1479161737116,1479161737117,1479161737118,2016-12-11 11:53:41,2016-12-11 11:46:00,"+02:00",6,3,5.25,4.5,5.25,52,NA,NA
"136","2016/12/11 10:21:02+0000","4.2.25",6650267138260992,10,1479161737116,1479161737117,1479161737118,2016-12-11 10:20:58,2016-12-11 10:18:00,"+02:00",3,3,4.75,4.5,7.25,40,NA,NA
"137","2016/12/11 09:18:35+0000","4.2.25",6650267138260992,10,1479161737116,1479161737117,1479161737118,2016-12-11 09:18:31,2016-12-11 09:13:00,"+02:00",2,3,5,4.75,6.25,62,NA,NA
"138","2016/12/10 19:59:04+0000","4.2.25",6650267138260992,10,1479161737116,1479161737117,1479161737118,NA,2016-12-10 19:29:00,"+02:00",NA,NA,NA,NA,NA,NA,NA,NA
"139","2016/12/10 18:25:19+0000","4.2.25",6650267138260992,10,1479161737116,1479161737117,1479161737118,2016-12-10 18:25:17,2016-12-10 18:07:00,"+02:00",2,3,5.5,4.75,6.25,50,NA,NA
"140","2016/12/10 17:11:51+0000","4.2.25",6650267138260992,10,1479161737116,1479161737117,1479161737118,2016-12-10 17:11:47,2016-12-10 17:02:00,"+02:00",2,3,5.25,4.75,5.75,28,NA,NA
"141","2016/12/10 15:50:38+0000","4.2.25",6650267138260992,10,1479161737116,1479161737117,1479161737118,2016-12-10 15:50:37,2016-12-10 15:30:00,"+02:00",2,1,5.25,4.5,6.5,26,NA,NA
"142","2016/12/10 13:59:18+0000","4.2.25",6650267138260992,10,1479161737116,1479161737117,1479161737118,2016-12-10 13:59:13,2016-12-10 13:36:00,"+02:00",4,2,5.25,4.75,6,147,NA,NA
"143","2016/12/10 12:32:29+0000","4.2.25",6650267138260992,10,1479161737116,1479161737117,1479161737118,2016-12-10 12:32:25,2016-12-10 12:14:00,"+02:00",2,5,4.75,4.75,5.75,31,NA,NA
"144","2016/12/10 10:35:05+0000","4.2.25",6650267138260992,10,1479161737116,1479161737117,1479161737118,NA,2016-12-10 10:05:00,"+02:00",NA,NA,NA,NA,NA,NA,NA,NA
"145","2016/12/10 09:19:59+0000","4.2.25",6650267138260992,10,1479161737116,1479161737117,1479161737118,2016-12-10 09:19:54,2016-12-10 09:19:00,"+02:00",3,6,4.75,5,6.25,49,NA,NA
"146","2016/12/09 20:13:02+0000","4.2.25",6650267138260992,10,1479161737116,1479161737117,1479161737118,NA,2016-12-09 19:43:00,"+02:00",NA,NA,NA,NA,NA,NA,NA,NA
"147","2016/12/09 18:07:18+0000","4.2.25",6650267138260992,10,1479161737116,1479161737117,1479161737118,2016-12-09 18:07:15,2016-12-09 17:54:00,"+02:00",2,5,5.25,4.5,5.75,56,NA,NA
"148","2016/12/09 16:56:53+0000","4.2.25",6650267138260992,10,1479161737116,1479161737117,1479161737118,2016-12-09 16:56:50,2016-12-09 16:56:00,"+02:00",2,2,5.5,4.75,6.25,23,NA,NA
"149","2016/12/09 15:22:20+0000","4.2.25",6650267138260992,10,0,0,0,2016-12-09 15:22:17,NA,"+02:00",NA,NA,NA,NA,NA,NA,NA,"New Group:[1479161737116:(1479161737118:Randomly 8 times per day between 10:30a.m. and 10:00p.m. incl weekends )]"
"150","2016/12/09 15:22:20+0000","4.2.25",6650267138260992,10,0,0,0,2016-12-09 15:22:17,NA,"+02:00",NA,NA,NA,NA,NA,NA,NA,"New Group:[1479161737116:(1479161737118:Randomly 8 times per day between 10:30a.m. and 10:00p.m. incl weekends )]"
"151","2016/12/09 15:09:35+0000","4.2.25",6650267138260992,10,1479161737116,1479161737117,1479161737118,2016-12-09 15:09:33,2016-12-09 15:02:00,"+02:00",2,5,5,5,5.75,22,NA,NA
"152","2016/12/09 14:19:59+0000","4.2.25",6650267138260992,10,1479161737116,1479161737117,1479161737118,2016-12-09 14:01:01,2016-12-09 13:45:00,"+02:00",2,2,5,5,6.25,35,NA,NA
"153","2016/12/09 14:19:59+0000","4.2.25",6650267138260992,10,0,0,0,2016-12-09 13:23:40,NA,"+02:00",NA,NA,NA,NA,NA,NA,NA,"New Group:[1479161737116:(1479161737118:Randomly 8 times per day between 10:30a.m. and 10:00p.m. incl weekends )]"
"154","2016/12/09 14:19:58+0000","4.2.25",6650267138260992,10,1479161737116,1479161737117,1479161737118,2016-12-09 13:23:37,2016-12-09 13:14:00,"+02:00",2,2,5.25,5,6,22,NA,NA
"155","2016/12/09 14:19:58+0000","4.2.25",6650267138260992,10,1479161737116,1479161737117,1479161737118,2016-12-09 12:15:59,2016-12-09 12:14:00,"+02:00",2,2,5.5,4.75,5.25,34,NA,NA
"156","2016/12/09 14:19:57+0000","4.2.25",6650267138260992,10,1479161737116,1479161737117,1479161737118,NA,2016-12-09 11:09:00,"+02:00",NA,NA,NA,NA,NA,NA,NA,NA
"157","2016/12/09 14:19:57+0000","4.2.25",6650267138260992,10,1479161737116,1479161737117,1479161737118,2016-12-09 09:36:52,2016-12-09 09:34:00,"+02:00",2,2,5.25,4.75,5.25,27,NA,NA
"158","2016/12/09 14:19:56+0000","4.2.25",6650267138260992,10,0,0,0,2016-12-08 22:28:35,NA,"+02:00",NA,NA,NA,NA,NA,NA,NA,"New Group:[1479161737116:(1479161737118:Randomly 8 times per day between 10:30a.m. and 10:00p.m. incl weekends )]"
"159","2016/12/09 14:19:56+0000","4.2.25",6650267138260992,10,1479161737116,1479161737117,1479161737118,2016-12-08 19:30:38,2016-12-08 19:30:00,"+02:00",2,5,4.75,4.75,5.5,31,NA,NA
"160","2016/12/09 14:19:55+0000","4.2.25",6650267138260992,10,1479161737116,1479161737117,1479161737118,2016-12-08 18:37:01,2016-12-08 18:23:00,"+02:00",2,5,4.75,4.5,6.25,23,NA,NA
"161","2016/12/08 18:37:07+0000","4.2.25",6650267138260992,10,1479161737116,1479161737117,1479161737118,2016-12-08 18:37:01,2016-12-08 18:23:00,"+02:00",2,5,4.75,4.5,6.25,23,NA,NA
"162","2016/12/08 16:59:06+0000","4.2.25",6650267138260992,10,1479161737116,1479161737117,1479161737118,2016-12-08 16:59:00,2016-12-08 16:42:00,"+02:00",2,1,5.25,4.25,5.5,25,NA,NA
"163","2016/12/08 15:32:05+0000","4.2.25",6650267138260992,10,1479161737116,1479161737117,1479161737118,NA,2016-12-08 15:02:00,"+02:00",NA,NA,NA,NA,NA,NA,NA,NA
"164","2016/12/08 13:09:25+0000","4.2.25",6650267138260992,10,1479161737116,1479161737117,1479161737118,2016-12-08 13:09:20,2016-12-08 13:03:00,"+02:00",2,5,5.25,5,5.25,24,NA,NA
"165","2016/12/08 12:00:04+0000","4.2.25",6650267138260992,10,1479161737116,1479161737117,1479161737118,NA,2016-12-08 11:30:00,"+02:00",NA,NA,NA,NA,NA,NA,NA,NA
"166","2016/12/08 10:03:09+0000","4.2.25",6650267138260992,10,1479161737116,1479161737117,1479161737118,NA,2016-12-08 09:33:00,"+02:00",NA,NA,NA,NA,NA,NA,NA,NA
"167","2016/12/08 08:33:08+0000","4.2.25",6650267138260992,10,1479161737116,1479161737117,1479161737118,NA,2016-12-08 08:03:00,"+02:00",NA,NA,NA,NA,NA,NA,NA,NA
"168","2016/12/07 19:15:41+0000","4.2.25",6650267138260992,10,1479161737116,1479161737117,1479161737118,2016-12-07 19:15:36,2016-12-07 19:15:00,"+02:00",2,2,6.75,4.75,6.25,26,NA,NA
"169","2016/12/07 18:16:32+0000","4.2.25",6650267138260992,10,1479161737116,1479161737117,1479161737118,2016-12-07 18:16:29,2016-12-07 18:16:00,"+02:00",2,1,5.75,5,5.75,20,NA,NA
"170","2016/12/07 17:26:39+0000","4.2.25",6650267138260992,10,0,0,0,2016-12-07 17:26:36,NA,"+02:00",2,2,6.25,4.75,6.25,26,NA,NA
"171","2016/12/07 17:25:46+0000","4.2.25",6650267138260992,10,1479161737116,1479161737117,1479161737118,NA,2016-12-07 16:36:00,"+02:00",NA,NA,NA,NA,NA,NA,NA,NA
"172","2016/12/07 14:07:32+0000","4.2.25",6650267138260992,10,1479161737116,1479161737117,1479161737118,2016-12-07 14:07:27,2016-12-07 14:07:00,"+02:00",2,1,5.5,4.5,5.25,19,NA,NA
"173","2016/12/07 13:26:03+0000","4.2.25",6650267138260992,10,1479161737116,1479161737117,1479161737118,NA,2016-12-07 12:56:00,"+02:00",NA,NA,NA,NA,NA,NA,NA,NA
"174","2016/12/07 12:33:03+0000","4.2.25",6650267138260992,10,1479161737116,1479161737117,1479161737118,NA,2016-12-07 12:03:00,"+02:00",NA,NA,NA,NA,NA,NA,NA,NA
"175","2016/12/07 10:14:11+0000","4.2.25",6650267138260992,10,1479161737116,1479161737117,1479161737118,2016-12-07 10:14:05,2016-12-07 10:07:00,"+02:00",2,5,5,4.25,6.25,26,NA,NA
"176","2016/12/07 09:19:13+0000","4.2.25",6650267138260992,10,1479161737116,1479161737117,1479161737118,2016-12-07 09:19:08,2016-12-07 09:18:00,"+02:00",2,1,4.75,4,6.75,45,NA,NA
"177","2016/12/06 19:08:02+0000","4.2.25",6650267138260992,10,1479161737116,1479161737117,1479161737118,NA,2016-12-06 18:38:00,"+02:00",NA,NA,NA,NA,NA,NA,NA,NA
"178","2016/12/06 17:41:03+0000","4.2.25",6650267138260992,10,1479161737116,1479161737117,1479161737118,NA,2016-12-06 17:11:00,"+02:00",NA,NA,NA,NA,NA,NA,NA,NA
"179","2016/12/06 16:30:05+0000","4.2.25",6650267138260992,10,1479161737116,1479161737117,1479161737118,NA,2016-12-06 16:00:00,"+02:00",NA,NA,NA,NA,NA,NA,NA,NA
"180","2016/12/06 14:53:43+0000","4.2.25",6650267138260992,10,1479161737116,1479161737117,1479161737118,2016-12-06 14:53:39,2016-12-06 14:47:00,"+02:00",4,6,4.75,4.5,6.25,110,NA,NA
"181","2016/12/06 14:14:04+0000","4.2.25",6650267138260992,10,1479161737116,1479161737117,1479161737118,NA,2016-12-06 13:44:00,"+02:00",NA,NA,NA,NA,NA,NA,NA,NA
"182","2016/12/06 12:50:06+0000","4.2.25",6650267138260992,10,1479161737116,1479161737117,1479161737118,NA,2016-12-06 12:20:00,"+02:00",NA,NA,NA,NA,NA,NA,NA,NA
"183","2016/12/06 10:18:13+0000","4.2.25",6650267138260992,10,1479161737116,1479161737117,1479161737118,2016-12-06 10:18:06,2016-12-06 10:14:00,"+02:00",2,1,5.5,4.75,5.5,26,NA,NA
"184","2016/12/06 08:05:59+0000","4.2.25",6650267138260992,10,1479161737116,1479161737117,1479161737118,2016-12-06 08:05:52,2016-12-06 08:03:00,"+02:00",2,3,5.25,4.75,5.5,86,NA,NA
"185","2016/12/05 19:16:04+0000","4.2.25",6650267138260992,10,1479161737116,1479161737117,1479161737118,2016-12-05 19:15:59,2016-12-05 19:02:00,"+02:00",2,2,5.5,4.5,5.75,134,NA,NA
"186","2016/12/05 18:14:51+0000","4.2.25",6650267138260992,10,1479161737116,1479161737117,1479161737118,2016-12-05 18:14:46,2016-12-05 17:47:00,"+02:00",2,2,5.5,4.5,5.75,36,NA,NA
"187","2016/12/05 16:47:03+0000","4.2.25",6650267138260992,10,1479161737116,1479161737117,1479161737118,NA,2016-12-05 16:17:00,"+02:00",NA,NA,NA,NA,NA,NA,NA,NA
"188","2016/12/05 14:48:57+0000","4.2.25",6650267138260992,10,1479161737116,1479161737117,1479161737118,2016-12-05 14:48:52,2016-12-05 14:48:00,"+02:00",2,2,5.25,4.5,5.75,30,NA,NA
"189","2016/12/05 13:36:03+0000","4.2.25",6650267138260992,10,1479161737116,1479161737117,1479161737118,2016-12-05 13:35:57,2016-12-05 13:07:00,"+02:00",3,5,5.25,4.75,4.75,42,NA,NA
"190","2016/12/05 11:51:57+0000","4.2.25",6650267138260992,10,1479161737116,1479161737117,1479161737118,2016-12-05 11:51:51,2016-12-05 11:48:00,"+02:00",2,5,5.5,4.75,5.25,29,NA,NA
"191","2016/12/05 10:57:58+0000","4.2.25",6650267138260992,10,1479161737116,1479161737117,1479161737118,2016-12-05 10:57:52,2016-12-05 10:54:00,"+02:00",2,1,5.5,5,5,34,NA,NA
"192","2016/12/05 09:07:43+0000","4.2.25",6650267138260992,10,1479161737116,1479161737117,1479161737118,2016-12-05 09:07:37,2016-12-05 09:05:00,"+02:00",2,1,4.75,4.5,7.25,49,NA,NA
"193","2016/12/04 19:41:27+0000","4.2.25",6650267138260992,10,1479161737116,1479161737117,1479161737118,2016-12-04 19:41:24,2016-12-04 19:40:00,"+02:00",2,2,5.25,4.75,6,42,NA,NA
"194","2016/12/04 18:31:19+0000","4.2.25",6650267138260992,10,1479161737116,1479161737117,1479161737118,2016-12-04 18:31:15,2016-12-04 18:22:00,"+02:00",2,6,4.75,4.75,7.5,31,NA,NA
"195","2016/12/04 16:41:11+0000","4.2.25",6650267138260992,10,1479161737116,1479161737117,1479161737118,2016-12-04 16:41:07,2016-12-04 16:40:00,"+02:00",3,5,5.5,4.75,5.5,45,NA,NA
"196","2016/12/04 15:18:35+0000","4.2.25",6650267138260992,10,1479161737116,1479161737117,1479161737118,2016-12-04 15:18:29,2016-12-04 15:07:00,"+02:00",2,5,5,4.25,6.25,43,NA,NA
"197","2016/12/04 13:47:06+0000","4.2.25",6650267138260992,10,1479161737116,1479161737117,1479161737118,2016-12-04 13:47:02,2016-12-04 13:45:00,"+02:00",2,1,5.5,4.75,5,95,NA,NA
"198","2016/12/04 11:54:51+0000","4.2.25",6650267138260992,10,1479161737116,1479161737117,1479161737118,2016-12-04 11:54:46,2016-12-04 11:54:00,"+02:00",3,6,5.5,4.75,5.25,35,NA,NA
"199","2016/12/04 10:33:03+0000","4.2.25",6650267138260992,10,1479161737116,1479161737117,1479161737118,2016-12-04 10:32:59,2016-12-04 10:22:00,"+02:00",2,6,5.25,5.25,5.5,46,NA,NA
"200","2016/12/04 09:21:40+0000","4.2.25",6650267138260992,10,1479161737116,1479161737117,1479161737118,2016-12-04 09:21:34,2016-12-04 09:14:00,"+02:00",2,5,4.5,4.5,7.25,67,NA,NA
"201","2016/12/03 19:06:21+0000","4.2.25",6650267138260992,10,1479161737116,1479161737117,1479161737118,2016-12-03 19:06:17,2016-12-03 19:03:00,"+02:00",2,5,5,4.75,6.25,25,NA,NA
"202","2016/12/03 18:28:04+0000","4.2.25",6650267138260992,10,1479161737116,1479161737117,1479161737118,NA,2016-12-03 17:58:00,"+02:00",NA,NA,NA,NA,NA,NA,NA,NA
"203","2016/12/03 17:08:03+0000","4.2.25",6650267138260992,10,1479161737116,1479161737117,1479161737118,NA,2016-12-03 16:38:00,"+02:00",NA,NA,NA,NA,NA,NA,NA,NA
"204","2016/12/03 15:30:29+0000","4.2.25",6650267138260992,10,1479161737116,1479161737117,1479161737118,NA,2016-12-03 15:00:00,"+02:00",NA,NA,NA,NA,NA,NA,NA,NA
"205","2016/12/03 15:30:28+0000","4.2.25",6650267138260992,10,1479161737116,1479161737117,1479161737118,NA,2016-12-03 13:36:00,"+02:00",NA,NA,NA,NA,NA,NA,NA,NA
"206","2016/12/03 15:30:28+0000","4.2.25",6650267138260992,10,1479161737116,1479161737117,1479161737118,NA,2016-12-03 13:36:00,"+02:00",NA,NA,NA,NA,NA,NA,NA,NA
"207","2016/12/03 15:30:26+0000","4.2.25",6650267138260992,10,1479161737116,1479161737117,1479161737118,NA,2016-12-03 12:09:00,"+02:00",NA,NA,NA,NA,NA,NA,NA,NA
"208","2016/12/03 11:10:02+0000","4.2.25",6650267138260992,10,1479161737116,1479161737117,1479161737118,NA,2016-12-03 10:40:00,"+02:00",NA,NA,NA,NA,NA,NA,NA,NA
"209","2016/12/03 09:14:04+0000","4.2.25",6650267138260992,10,1479161737116,1479161737117,1479161737118,NA,2016-12-03 08:44:00,"+02:00",NA,NA,NA,NA,NA,NA,NA,NA
"210","2016/12/02 18:58:50+0000","4.2.25",6650267138260992,10,1479161737116,1479161737117,1479161737118,2016-12-02 18:58:48,2016-12-02 18:58:00,"+02:00",2,2,6.75,5.28,6,28,NA,NA
"211","2016/12/02 18:22:21+0000","4.2.25",6650267138260992,10,1479161737116,1479161737117,1479161737118,2016-12-02 18:22:18,2016-12-02 17:54:00,"+02:00",2,2,5.75,4.75,5.75,33,NA,NA
"212","2016/12/02 16:50:21+0000","4.2.25",6650267138260992,8,1479161737116,1479161737117,1479161737118,2016-12-02 16:50:17,2016-12-02 16:40:00,"+02:00",2,1,NA,NA,NA,5,NA,NA
"213","2016/12/02 15:35:54+0000","4.2.25",6650267138260992,8,1479161737116,1479161737117,1479161737118,NA,2016-12-02 14:49:00,"+02:00",NA,NA,NA,NA,NA,NA,NA,NA
"214","2016/12/02 13:02:04+0000","4.2.25",6650267138260992,8,1479161737116,1479161737117,1479161737118,2016-12-02 13:01:58,2016-12-02 12:55:00,"+02:00",2,2,5.25,5,6.25,40,NA,NA
"215","2016/12/02 12:01:55+0000","4.2.25",6650267138260992,8,1479161737116,1479161737117,1479161737118,2016-12-02 12:01:47,2016-12-02 12:01:00,"+02:00",2,1,5.25,5,5.5,39,NA,NA
"216","2016/12/02 10:35:08+0000","4.2.25",6650267138260992,8,1479161737116,1479161737117,1479161737118,NA,2016-12-02 10:05:00,"+02:00",NA,NA,NA,NA,NA,NA,NA,NA
"217","2016/12/02 09:22:32+0000","4.2.25",6650267138260992,8,1479161737116,1479161737117,1479161737118,2016-12-02 09:22:23,2016-12-02 08:54:00,"+02:00",NA,5,6.25,4.5,5.25,56,NA,NA
"218","2016/12/01 19:45:04+0000","4.2.24",6650267138260992,8,1479161737116,1479161737117,1479161737118,NA,2016-12-01 19:15:00,"+02:00",NA,NA,NA,NA,NA,NA,NA,NA
"219","2016/12/01 18:57:06+0000","4.2.24",6650267138260992,8,1479161737116,1479161737117,1479161737118,NA,2016-12-01 18:27:00,"+02:00",NA,NA,NA,NA,NA,NA,NA,NA
"220","2016/12/01 16:48:05+0000","4.2.24",6650267138260992,8,1479161737116,1479161737117,1479161737118,NA,2016-12-01 16:18:00,"+02:00",NA,NA,NA,NA,NA,NA,NA,NA
"221","2016/12/01 15:01:03+0000","4.2.24",6650267138260992,8,1479161737116,1479161737117,1479161737118,2016-12-01 15:00:57,2016-12-01 15:00:00,"+02:00",2,2,5.25,5,6.5,44,NA,NA
"222","2016/12/01 13:39:10+0000","4.2.24",6650267138260992,8,1479161737116,1479161737117,1479161737118,2016-12-01 13:39:04,2016-12-01 13:37:00,"+02:00",2,1,5.5,NA,NA,59,NA,NA
"223","2016/12/01 12:02:12+0000","4.2.24",6650267138260992,8,1479161737116,1479161737117,1479161737118,2016-12-01 12:02:04,2016-12-01 12:00:00,"+02:00",2,5,4.75,4.75,6.75,79,NA,NA
"224","2016/12/01 10:36:27+0000","4.2.24",6650267138260992,8,1479161737116,1479161737117,1479161737118,2016-12-01 10:36:20,2016-12-01 10:27:00,"+02:00",2,5,5,4.75,6.25,73,NA,NA
"225","2016/12/01 09:31:05+0000","4.2.24",6650267138260992,8,1479161737116,1479161737117,1479161737118,NA,2016-12-01 09:01:00,"+02:00",NA,NA,NA,NA,NA,NA,NA,NA
"226","2016/11/30 20:17:06+0000","4.2.23",6650267138260992,8,1479161737116,1479161737117,1479161737118,NA,2016-11-30 19:47:00,"+02:00",NA,NA,NA,NA,NA,NA,NA,NA
"227","2016/11/30 18:23:06+0000","4.2.23",6650267138260992,8,1479161737116,1479161737117,1479161737118,NA,2016-11-30 17:53:00,"+02:00",NA,NA,NA,NA,NA,NA,NA,NA
"228","2016/11/30 16:38:47+0000","4.2.23",6650267138260992,8,1479161737116,1479161737117,1479161737118,2016-11-30 16:38:41,2016-11-30 16:35:00,"+02:00",2,5,5,4.75,6,35,NA,NA
"229","2016/11/30 15:18:04+0000","4.2.23",6650267138260992,8,1479161737116,1479161737117,1479161737118,NA,2016-11-30 14:48:00,"+02:00",NA,NA,NA,NA,NA,NA,NA,NA
"230","2016/11/30 14:00:05+0000","4.2.23",6650267138260992,8,1479161737116,1479161737117,1479161737118,NA,2016-11-30 13:30:00,"+02:00",NA,NA,NA,NA,NA,NA,NA,NA
"231","2016/11/30 12:54:33+0000","4.2.23",6650267138260992,8,1479161737116,1479161737117,1479161737118,NA,2016-11-30 12:17:00,"+02:00",NA,NA,NA,NA,NA,NA,NA,NA
"232","2016/11/30 11:08:05+0000","4.2.23",6650267138260992,8,1479161737116,1479161737117,1479161737118,NA,2016-11-30 10:38:00,"+02:00",NA,NA,NA,NA,NA,NA,NA,NA
"233","2016/11/30 09:16:36+0000","4.2.23",6650267138260992,8,1479161737116,1479161737117,1479161737118,2016-11-30 09:16:31,2016-11-30 08:53:00,"+02:00",2,2,4.75,4.5,6.25,42,NA,NA
"234","2016/11/29 20:30:55+0000","4.2.23",6650267138260992,8,0,0,0,2016-11-29 20:30:51,NA,"+02:00",2,5,5.5,5.25,5.75,85,NA,NA
"235","2016/11/29 20:21:04+0000","4.2.23",6650267138260992,7,1479161737116,1479161737117,1479161737118,NA,2016-11-29 19:51:00,"+02:00",NA,NA,NA,NA,NA,NA,NA,NA
"236","2016/11/29 17:58:04+0000","4.2.23",6650267138260992,7,1479161737116,1479161737117,1479161737118,NA,2016-11-29 17:28:00,"+02:00",NA,NA,NA,NA,NA,NA,NA,NA
"237","2016/11/29 16:23:03+0000","4.2.23",6650267138260992,7,1479161737116,1479161737117,1479161737118,NA,2016-11-29 15:53:00,"+02:00",NA,NA,NA,NA,NA,NA,NA,NA
"238","2016/11/29 14:33:20+0000","4.2.23",6650267138260992,7,1479161737116,1479161737117,1479161737118,2016-11-29 14:33:15,2016-11-29 14:32:00,"+02:00",2,3,6,5,5,40,NA,NA
"239","2016/11/29 13:14:40+0000","4.2.23",6650267138260992,7,1479161737116,1479161737117,1479161737118,2016-11-29 13:14:35,2016-11-29 12:54:00,"+02:00",3,5,6,5,5,48,NA,NA
"240","2016/11/29 12:25:03+0000","4.2.23",6650267138260992,7,1479161737116,1479161737117,1479161737118,NA,2016-11-29 11:55:00,"+02:00",NA,NA,NA,NA,NA,NA,NA,NA
"241","2016/11/29 10:30:04+0000","4.2.23",6650267138260992,7,1479161737116,1479161737117,1479161737118,NA,2016-11-29 10:00:00,"+02:00",NA,NA,NA,NA,NA,NA,NA,NA
"242","2016/11/29 09:15:17+0000","4.2.23",6650267138260992,6,1479161737116,1479161737117,1479161737118,2016-11-29 09:15:11,2016-11-29 09:15:00,"+02:00",2,NA,NA,NA,NA,3,NA,NA
"243","2016/11/28 19:30:20+0000","4.2.23",6650267138260992,6,1479161737116,1479161737117,1479161737118,2016-11-28 19:30:14,2016-11-28 19:29:00,"+02:00",1,2,NA,NA,NA,10,NA,NA
"244","2016/11/28 17:43:31+0000","4.2.23",6650267138260992,6,1479161737116,1479161737117,1479161737118,2016-11-28 17:43:25,2016-11-28 17:42:00,"+02:00",2,1,NA,NA,NA,5,NA,NA
"245","2016/11/28 16:27:06+0000","4.2.23",6650267138260992,6,1479161737116,1479161737117,1479161737118,2016-11-28 16:27:00,2016-11-28 16:26:00,"+02:00",2,2,NA,NA,NA,4,NA,NA
"246","2016/11/28 15:35:31+0000","4.2.23",6650267138260992,6,1479161737116,1479161737117,1479161737118,2016-11-28 15:35:26,2016-11-28 15:19:00,"+02:00",3,NA,NA,NA,NA,10,NA,NA
"247","2016/11/28 14:54:09+0000","4.2.23",6650267138260992,6,1479161737116,1479161737117,1479161737118,NA,2016-11-28 13:12:00,"+02:00",NA,NA,NA,NA,NA,NA,NA,NA
"248","2016/11/28 12:19:51+0000","4.2.23",6650267138260992,6,1479161737116,1479161737117,1479161737118,2016-11-28 12:19:45,2016-11-28 12:11:00,"+02:00",2,5,NA,NA,NA,13,NA,NA
"249","2016/11/28 10:47:18+0000","4.2.23",6650267138260992,6,1479161737116,1479161737117,1479161737118,2016-11-28 10:47:13,2016-11-28 10:36:00,"+02:00",2,7,NA,NA,NA,5,NA,NA
"250","2016/11/28 09:23:40+0000","4.2.23",6650267138260992,6,1479161737116,1479161737117,1479161737118,2016-11-28 09:23:35,2016-11-28 09:23:00,"+02:00",2,3,NA,NA,NA,11,NA,NA
"251","2016/11/27 19:34:05+0000","4.2.23",6650267138260992,6,1479161737116,1479161737117,1479161737118,NA,2016-11-27 19:04:00,"+02:00",NA,NA,NA,NA,NA,NA,NA,NA
"252","2016/11/27 18:06:04+0000","4.2.23",6650267138260992,6,1479161737116,1479161737117,1479161737118,NA,2016-11-27 17:36:00,"+02:00",NA,NA,NA,NA,NA,NA,NA,NA
"253","2016/11/27 16:16:01+0000","4.2.23",6650267138260992,6,1479161737116,1479161737117,1479161737118,2016-11-27 16:15:56,2016-11-27 16:02:00,"+02:00",2,2,NA,NA,NA,4,NA,NA
"254","2016/11/27 14:49:17+0000","4.2.23",6650267138260992,6,1479161737116,1479161737117,1479161737118,2016-11-27 14:49:14,2016-11-27 14:49:00,"+02:00",2,3,NA,NA,NA,5,NA,NA
"255","2016/11/27 14:06:56+0000","4.2.23",6650267138260992,6,1479161737116,1479161737117,1479161737118,2016-11-27 14:06:50,2016-11-27 13:59:00,"+02:00",2,4,NA,NA,NA,5,NA,NA
"256","2016/11/27 11:30:34+0000","4.2.23",6650267138260992,6,1479161737116,1479161737117,1479161737118,2016-11-27 11:30:31,2016-11-27 11:10:00,"+02:00",2,2,NA,NA,NA,5,NA,NA
"257","2016/11/27 09:38:46+0000","4.2.23",6650267138260992,6,1479161737116,1479161737117,1479161737118,2016-11-27 09:38:42,2016-11-27 09:30:00,"+02:00",2,2,NA,NA,NA,4,NA,NA
"258","2016/11/27 08:28:31+0000","4.2.23",6650267138260992,6,1479161737116,1479161737117,1479161737118,2016-11-27 08:28:27,2016-11-27 08:23:00,"+02:00",2,1,NA,NA,NA,6,NA,NA
"259","2016/11/26 19:49:02+0000","4.2.23",6650267138260992,6,1479161737116,1479161737117,1479161737118,NA,2016-11-26 19:19:00,"+02:00",NA,NA,NA,NA,NA,NA,NA,NA
"260","2016/11/26 17:58:03+0000","4.2.23",6650267138260992,6,1479161737116,1479161737117,1479161737118,NA,2016-11-26 17:28:00,"+02:00",NA,NA,NA,NA,NA,NA,NA,NA
"261","2016/11/26 17:18:25+0000","4.2.23",6650267138260992,6,1479161737116,1479161737117,1479161737118,NA,2016-11-26 16:31:00,"+02:00",NA,NA,NA,NA,NA,NA,NA,NA
"262","2016/11/26 15:31:54+0000","4.2.23",6650267138260992,6,1479161737116,1479161737117,1479161737118,2016-11-26 15:31:48,2016-11-26 15:25:00,"+02:00",1,5,NA,NA,NA,6,NA,NA
"263","2016/11/26 14:04:50+0000","4.2.23",6650267138260992,6,1479161737116,1479161737117,1479161737118,NA,2016-11-26 13:14:00,"+02:00",NA,NA,NA,NA,NA,NA,NA,NA
"264","2016/11/26 12:44:03+0000","4.2.23",6650267138260992,6,1479161737116,1479161737117,1479161737118,NA,2016-11-26 12:14:00,"+02:00",NA,NA,NA,NA,NA,NA,NA,NA
"265","2016/11/26 11:25:05+0000","4.2.23",6650267138260992,6,1479161737116,1479161737117,1479161737118,NA,2016-11-26 10:55:00,"+02:00",NA,NA,NA,NA,NA,NA,NA,NA
"266","2016/11/26 09:22:27+0000","4.2.23",6650267138260992,6,1479161737116,1479161737117,1479161737118,2016-11-26 09:22:21,2016-11-26 09:22:00,"+02:00",2,1,NA,NA,NA,9,NA,NA
"267","2016/11/25 19:30:46+0000","4.2.23",6650267138260992,6,1479161737116,1479161737117,1479161737118,2016-11-25 19:30:43,2016-11-25 19:23:00,"+02:00",2,5,NA,NA,NA,5,NA,NA
"268","2016/11/25 18:35:58+0000","4.2.23",6650267138260992,6,1479161737116,1479161737117,1479161737118,2016-11-25 18:35:53,2016-11-25 18:17:00,"+02:00",2,4,NA,NA,NA,5,NA,NA
"269","2016/11/25 17:18:04+0000","4.2.23",6650267138260992,6,1479161737116,1479161737117,1479161737118,NA,2016-11-25 16:48:00,"+02:00",NA,NA,NA,NA,NA,NA,NA,NA
"270","2016/11/25 15:15:03+0000","4.2.23",6650267138260992,6,1479161737116,1479161737117,1479161737118,NA,2016-11-25 14:45:00,"+02:00",NA,NA,NA,NA,NA,NA,NA,NA
"271","2016/11/25 13:05:47+0000","4.2.23",6650267138260992,6,1479161737116,1479161737117,1479161737118,2016-11-25 13:05:43,2016-11-25 12:39:00,"+02:00",2,1,NA,NA,NA,5,NA,NA
"272","2016/11/25 12:03:13+0000","4.2.23",6650267138260992,6,1479161737116,1479161737117,1479161737118,2016-11-25 12:03:08,2016-11-25 11:48:00,"+02:00",2,5,NA,NA,NA,12,NA,NA
"273","2016/11/25 10:54:25+0000","4.2.23",6650267138260992,6,1479161737116,1479161737117,1479161737118,2016-11-25 10:54:19,2016-11-25 10:45:00,"+02:00",4,5,NA,NA,NA,10,NA,NA
"274","2016/11/25 08:59:30+0000","4.2.23",6650267138260992,6,1479161737116,1479161737117,1479161737118,2016-11-25 08:59:26,2016-11-25 08:52:00,"+02:00",2,1,NA,NA,NA,6,NA,NA
"275","2016/11/24 23:27:20+0000","4.2.23",6650267138260992,6,1479161737116,1479161737117,1479161737118,NA,2016-11-24 19:24:00,"+02:00",NA,NA,NA,NA,NA,NA,NA,NA
"276","2016/11/24 18:49:05+0000","4.2.23",6650267138260992,6,1479161737116,1479161737117,1479161737118,NA,2016-11-24 18:19:00,"+02:00",NA,NA,NA,NA,NA,NA,NA,NA
"277","2016/11/24 16:36:55+0000","4.2.23",6650267138260992,6,1479161737116,1479161737117,1479161737118,2016-11-24 16:36:51,2016-11-24 16:15:00,"+02:00",2,5,NA,NA,NA,5,NA,NA
"278","2016/11/24 15:32:04+0000","4.2.23",6650267138260992,6,1479161737116,1479161737117,1479161737118,NA,2016-11-24 15:02:00,"+02:00",NA,NA,NA,NA,NA,NA,NA,NA
"279","2016/11/24 14:12:04+0000","4.2.23",6650267138260992,6,1479161737116,1479161737117,1479161737118,NA,2016-11-24 13:42:00,"+02:00",NA,NA,NA,NA,NA,NA,NA,NA
"280","2016/11/24 12:23:08+0000","4.2.23",6650267138260992,6,1479161737116,1479161737117,1479161737118,NA,2016-11-24 11:53:00,"+02:00",NA,NA,NA,NA,NA,NA,NA,NA
"281","2016/11/24 10:57:19+0000","4.2.23",6650267138260992,6,1479161737116,1479161737117,1479161737118,2016-11-24 10:57:09,2016-11-24 10:56:00,"+02:00",2,4,NA,NA,NA,10,NA,NA
"282","2016/11/24 09:23:32+0000","4.2.23",6650267138260992,6,1479161737116,1479161737117,1479161737118,2016-11-24 09:23:23,2016-11-24 09:23:00,"+02:00",2,1,NA,NA,NA,5,NA,NA
"283","2016/11/23 20:17:08+0000","4.2.23",6650267138260992,6,1479161737116,1479161737117,1479161737118,NA,2016-11-23 19:47:00,"+02:00",NA,NA,NA,NA,NA,NA,NA,NA
"284","2016/11/23 18:41:07+0000","4.2.23",6650267138260992,6,1479161737116,1479161737117,1479161737118,NA,2016-11-23 18:11:00,"+02:00",NA,NA,NA,NA,NA,NA,NA,NA
"285","2016/11/23 16:34:40+0000","4.2.23",6650267138260992,6,1479161737116,1479161737117,1479161737118,2016-11-23 16:34:33,2016-11-23 16:16:00,"+02:00",2,4,NA,NA,NA,4,NA,NA
"286","2016/11/23 15:11:14+0000","4.2.23",6650267138260992,6,1479161737116,1479161737117,1479161737118,2016-11-23 15:11:07,2016-11-23 15:11:00,"+02:00",2,NA,NA,NA,NA,3,NA,NA
"287","2016/11/23 13:35:43+0000","4.2.23",6650267138260992,6,1479161737116,1479161737117,1479161737118,2016-11-23 13:35:37,2016-11-23 13:16:00,"+02:00",3,5,NA,NA,NA,4,NA,NA
"288","2016/11/23 12:50:08+0000","4.2.23",6650267138260992,6,1479161737116,1479161737117,1479161737118,NA,2016-11-23 12:20:00,"+02:00",NA,NA,NA,NA,NA,NA,NA,NA
"289","2016/11/23 10:53:20+0000","4.2.23",6650267138260992,6,1479161737116,1479161737117,1479161737118,2016-11-23 10:53:14,2016-11-23 10:53:00,"+02:00",3,3,NA,NA,NA,5,NA,NA
"290","2016/11/23 08:49:25+0000","4.2.23",6650267138260992,6,1479161737116,1479161737117,1479161737118,2016-11-23 08:49:16,2016-11-23 08:49:00,"+02:00",3,6,NA,NA,NA,12,NA,NA
"291","2016/11/22 19:58:40+0000","4.2.23",6650267138260992,6,1479161737116,1479161737117,1479161737118,2016-11-22 19:58:34,2016-11-22 19:35:00,"+02:00",3,5,NA,NA,NA,6,NA,NA
"292","2016/11/22 18:22:20+0000","4.2.23",6650267138260992,6,1479161737116,1479161737117,1479161737118,2016-11-22 18:22:14,2016-11-22 18:22:00,"+02:00",2,6,NA,NA,NA,5,NA,NA
"293","2016/11/22 16:21:32+0000","4.2.23",6650267138260992,6,1479161737116,1479161737117,1479161737118,2016-11-22 16:21:26,2016-11-22 16:21:00,"+02:00",2,6,NA,NA,NA,6,NA,NA
"294","2016/11/22 15:36:27+0000","4.2.23",6650267138260992,6,1479161737116,1479161737117,1479161737118,2016-11-22 15:36:21,2016-11-22 15:17:00,"+02:00",2,NA,NA,NA,NA,7,NA,NA
"295","2016/11/22 13:42:25+0000","4.2.23",6650267138260992,6,1479161737116,1479161737117,1479161737118,2016-11-22 13:42:19,2016-11-22 13:42:00,"+02:00",2,1,NA,NA,NA,8,NA,NA
"296","2016/11/22 11:35:45+0000","4.2.23",6650267138260992,6,0,0,0,2016-11-22 11:35:40,NA,"+02:00",2,3,NA,NA,NA,15,NA,NA
"297","2016/11/22 11:25:20+0000","4.2.23",6650267138260992,6,1479161737116,1479161737117,1479161737118,2016-11-22 11:25:13,2016-11-22 11:25:00,"+02:00",2,3,NA,NA,NA,6,NA,NA
"298","2016/11/22 10:11:36+0000","4.2.23",6650267138260992,6,1479161737116,1479161737117,1479161737118,2016-11-22 10:11:30,2016-11-22 10:09:00,"+02:00",2,3,NA,NA,NA,5,NA,NA
"299","2016/11/22 08:46:26+0000","4.2.23",6650267138260992,6,1479161737116,1479161737117,1479161737118,2016-11-22 08:46:13,2016-11-22 08:45:00,"+02:00",3,5,NA,NA,NA,9,NA,NA
"300","2016/11/22 08:46:21+0000","4.2.23",6650267138260992,6,1479161737116,1479161737117,1479161737118,2016-11-22 08:46:13,2016-11-22 08:45:00,"+02:00",3,5,NA,NA,NA,9,NA,NA
"301","2016/11/21 19:00:50+0000","4.2.23",6650267138260992,6,1479161737116,1479161737117,1479161737118,2016-11-21 19:00:43,2016-11-21 18:47:00,"+02:00",3,5,NA,NA,NA,10,NA,NA
"302","2016/11/21 17:45:55+0000","4.2.23",6650267138260992,6,1479161737116,1479161737117,1479161737118,2016-11-21 17:45:46,2016-11-21 17:31:00,"+02:00",2,5,NA,NA,NA,5,NA,NA
"303","2016/11/21 16:09:49+0000","4.2.23",6650267138260992,6,1479161737116,1479161737117,1479161737118,2016-11-21 16:09:42,2016-11-21 16:09:00,"+02:00",2,3,NA,NA,NA,7,NA,NA
"304","2016/11/21 15:22:37+0000","4.2.23",6650267138260992,6,1479161737116,1479161737117,1479161737118,NA,2016-11-21 14:46:00,"+02:00",NA,NA,NA,NA,NA,NA,NA,NA
"305","2016/11/21 13:03:16+0000","4.2.23",6650267138260992,6,1479161737116,1479161737117,1479161737118,2016-11-21 13:03:04,2016-11-21 13:02:00,"+02:00",3,1,NA,NA,NA,8,NA,NA
"306","2016/11/21 11:11:21+0000","4.2.23",6650267138260992,6,1479161737116,1479161737117,1479161737118,2016-11-21 11:11:15,2016-11-21 11:11:00,"+02:00",3,3,NA,NA,NA,7,NA,NA
"307","2016/11/21 10:10:30+0000","4.2.23",6650267138260992,6,1479161737116,1479161737117,1479161737118,2016-11-21 10:10:24,2016-11-21 10:10:00,"+02:00",3,3,NA,NA,NA,13,NA,NA
"308","2016/11/21 09:14:42+0000","4.2.23",6650267138260992,6,1479161737116,1479161737117,1479161737118,2016-11-21 09:14:27,2016-11-21 09:14:00,"+02:00",6,3,NA,NA,NA,16,NA,NA
"309","2016/11/21 09:14:35+0000","4.2.23",6650267138260992,6,1479161737116,1479161737117,1479161737118,2016-11-21 09:14:27,2016-11-21 09:14:00,"+02:00",6,3,NA,NA,NA,16,NA,NA
"310","2016/11/20 19:38:49+0000","4.2.23",6650267138260992,6,1479161737116,1479161737117,1479161737118,2016-11-20 19:38:43,2016-11-20 19:38:00,"+02:00",2,1,NA,NA,NA,12,NA,NA
"311","2016/11/20 17:57:04+0000","4.2.23",6650267138260992,6,1479161737116,1479161737117,1479161737118,NA,2016-11-20 17:27:00,"+02:00",NA,NA,NA,NA,NA,NA,NA,NA
"312","2016/11/20 17:00:01+0000","4.2.23",6650267138260992,6,1479161737116,1479161737117,1479161737118,2016-11-20 16:59:57,2016-11-20 16:33:00,"+02:00",2,5,NA,NA,NA,15,NA,NA
"313","2016/11/20 14:45:54+0000","4.2.23",6650267138260992,6,1479161737116,1479161737117,1479161737118,2016-11-20 14:45:49,2016-11-20 14:35:00,"+02:00",3,5,NA,NA,NA,7,NA,NA
"314","2016/11/20 13:27:38+0000","4.2.23",6650267138260992,6,1479161737116,1479161737117,1479161737118,2016-11-20 13:27:32,2016-11-20 13:13:00,"+02:00",4,7,NA,NA,NA,8,NA,NA
"315","2016/11/20 12:18:05+0000","4.2.23",6650267138260992,6,1479161737116,1479161737117,1479161737118,NA,2016-11-20 11:48:00,"+02:00",NA,NA,NA,NA,NA,NA,NA,NA
"316","2016/11/20 10:57:22+0000","4.2.23",6650267138260992,6,1479161737116,1479161737117,1479161737118,2016-11-20 10:57:16,2016-11-20 10:57:00,"+02:00",3,3,NA,NA,NA,12,NA,NA
"317","2016/11/20 08:30:11+0000","4.2.23",6650267138260992,6,1479161737116,1479161737117,1479161737118,2016-11-20 08:30:05,2016-11-20 08:08:00,"+02:00",4,NA,NA,NA,NA,14,NA,NA
"318","2016/11/19 19:27:57+0000","4.2.23",6650267138260992,6,1479161737116,1479161737117,1479161737118,2016-11-19 19:27:52,2016-11-19 19:24:00,"+02:00",3,5,NA,NA,NA,10,NA,NA
"319","2016/11/19 18:16:04+0000","4.2.23",6650267138260992,6,1479161737116,1479161737117,1479161737118,NA,2016-11-19 17:46:00,"+02:00",NA,NA,NA,NA,NA,NA,NA,NA
"320","2016/11/19 16:38:47+0000","4.2.23",6650267138260992,6,1479161737116,1479161737117,1479161737118,2016-11-19 16:38:43,2016-11-19 16:38:00,"+02:00",6,8,NA,NA,NA,8,NA,NA
"321","2016/11/19 14:45:51+0000","4.2.23",6650267138260992,6,1479161737116,1479161737117,1479161737118,2016-11-19 14:45:46,2016-11-19 14:41:00,"+02:00",2,5,NA,NA,NA,12,NA,NA
"322","2016/11/19 13:31:05+0000","4.2.23",6650267138260992,6,1479161737116,1479161737117,1479161737118,NA,2016-11-19 13:01:00,"+02:00",NA,NA,NA,NA,NA,NA,NA,NA
"323","2016/11/19 11:01:19+0000","4.2.23",6650267138260992,6,1479161737116,1479161737117,1479161737118,2016-11-19 11:01:14,2016-11-19 11:01:00,"+02:00",2,3,NA,NA,NA,6,NA,NA
"324","2016/11/19 10:05:16+0000","4.2.23",6650267138260992,6,1479161737116,1479161737117,1479161737118,2016-11-19 10:05:10,2016-11-19 10:05:00,"+02:00",2,6,NA,NA,NA,6,NA,NA
"325","2016/11/19 08:32:10+0000","4.2.23",6650267138260992,6,1479161737116,1479161737117,1479161737118,2016-11-19 08:32:04,2016-11-19 08:31:00,"+02:00",2,6,NA,NA,NA,15,NA,NA
"326","2016/11/18 20:00:00+0000","4.2.23",6650267138260992,6,1479161737116,1479161737117,1479161737118,2016-11-18 19:59:52,2016-11-18 19:56:00,"+02:00",2,3,NA,NA,NA,10,NA,NA
"327","2016/11/18 18:11:38+0000","4.2.23",6650267138260992,6,1479161737116,1479161737117,1479161737118,2016-11-18 18:11:34,2016-11-18 18:11:00,"+02:00",2,1,NA,NA,NA,14,NA,NA
"328","2016/11/18 17:12:04+0000","4.2.23",6650267138260992,6,1479161737116,1479161737117,1479161737118,NA,2016-11-18 16:42:00,"+02:00",NA,NA,NA,NA,NA,NA,NA,NA
"329","2016/11/18 15:20:28+0000","4.2.23",6650267138260992,6,1479161737116,1479161737117,1479161737118,2016-11-18 15:20:24,2016-11-18 15:19:00,"+02:00",3,5,NA,NA,NA,12,NA,NA
"330","2016/11/18 13:18:48+0000","4.2.23",6650267138260992,6,1479161737116,1479161737117,1479161737118,2016-11-18 13:18:41,2016-11-18 13:18:00,"+02:00",2,3,NA,NA,NA,7,NA,NA
"331","2016/11/18 12:06:22+0000","4.2.23",6650267138260992,6,1479161737116,1479161737117,1479161737118,2016-11-18 12:06:18,2016-11-18 12:06:00,"+02:00",2,3,NA,NA,NA,10,NA,NA
"332","2016/11/18 10:34:19+0000","4.2.23",6650267138260992,6,1479161737116,1479161737117,1479161737118,2016-11-18 10:34:14,2016-11-18 10:33:00,"+02:00",2,3,NA,NA,NA,6,NA,NA
"333","2016/11/18 08:29:30+0000","4.2.23",6650267138260992,6,1479161737116,1479161737117,1479161737118,2016-11-18 08:29:26,2016-11-18 08:05:00,"+02:00",4,NA,NA,NA,NA,25,NA,NA
"334","2016/11/17 20:14:04+0000","4.2.23",6650267138260992,6,1479161737116,1479161737117,1479161737118,NA,2016-11-17 19:44:00,"+02:00",NA,NA,NA,NA,NA,NA,NA,NA
"335","2016/11/17 17:56:44+0000","4.2.23",6650267138260992,6,1479161737116,1479161737117,1479161737118,2016-11-17 17:56:39,2016-11-17 17:53:00,"+02:00",2,2,NA,NA,NA,10,NA,NA
"336","2016/11/17 16:14:41+0000","4.2.23",6650267138260992,6,1479161737116,1479161737117,1479161737118,2016-11-17 16:14:35,2016-11-17 15:51:00,"+02:00",3,4,NA,NA,NA,20,NA,NA
"337","2016/11/17 15:14:08+0000","4.2.23",6650267138260992,6,1479161737116,1479161737117,1479161737118,NA,2016-11-17 14:44:00,"+02:00",NA,NA,NA,NA,NA,NA,NA,NA
"338","2016/11/17 13:36:16+0000","4.2.23",6650267138260992,6,1479161737116,1479161737117,1479161737118,2016-11-17 13:36:12,2016-11-17 13:32:00,"+02:00",2,2,NA,NA,NA,11,NA,NA
"339","2016/11/17 12:13:35+0000","4.2.23",6650267138260992,6,1479161737116,1479161737117,1479161737118,2016-11-17 12:13:31,2016-11-17 12:01:00,"+02:00",3,4,NA,NA,NA,16,NA,NA
"340","2016/11/17 09:54:16+0000","4.2.23",6650267138260992,6,1479161737116,1479161737117,1479161737118,2016-11-17 09:54:07,2016-11-17 09:44:00,"+02:00",2,5,NA,NA,NA,10,NA,NA
"341","2016/11/17 08:28:24+0000","4.2.23",6650267138260992,6,1479161737116,1479161737117,1479161737118,2016-11-17 08:28:15,2016-11-17 08:28:00,"+02:00",2,3,NA,NA,NA,10,NA,NA
"342","2016/11/16 20:15:06+0000","4.2.23",6650267138260992,6,1479161737116,1479161737117,1479161737118,NA,2016-11-16 19:45:00,"+02:00",NA,NA,NA,NA,NA,NA,NA,NA
"343","2016/11/16 19:19:34+0000","4.2.23",6650267138260992,6,1479161737116,1479161737117,1479161737118,NA,2016-11-16 18:05:00,"+02:00",NA,NA,NA,NA,NA,NA,NA,NA
"344","2016/11/16 16:19:14+0000","4.2.23",6650267138260992,6,1479161737116,1479161737117,1479161737118,2016-11-16 16:19:07,2016-11-16 16:11:00,"+02:00",2,2,NA,NA,NA,11,NA,NA
"345","2016/11/16 15:00:45+0000","4.2.23",6650267138260992,6,1479161737116,1479161737117,1479161737118,2016-11-16 15:00:36,2016-11-16 14:44:00,"+02:00",4,2,NA,NA,NA,12,NA,NA
"346","2016/11/16 12:55:41+0000","4.2.23",6650267138260992,6,1479161737116,1479161737117,1479161737118,2016-11-16 12:55:33,2016-11-16 12:47:00,"+02:00",5,4,NA,NA,NA,20,NA,NA
"347","2016/11/16 11:24:21+0000","4.2.23",6650267138260992,6,1479161737116,1479161737117,1479161737118,2016-11-16 11:24:13,2016-11-16 11:24:00,"+02:00",2,1,NA,NA,NA,7,NA,NA
"348","2016/11/16 10:16:14+0000","4.2.23",6650267138260992,6,1479161737116,1479161737117,1479161737118,2016-11-16 10:16:07,2016-11-16 09:58:00,"+02:00",2,5,NA,NA,NA,10,NA,NA
"349","2016/11/16 08:36:29+0000","4.2.23",6650267138260992,6,1479161737116,1479161737117,1479161737118,2016-11-16 08:36:21,2016-11-16 08:36:00,"+02:00",2,2,NA,NA,NA,14,NA,NA
"350","2016/11/15 19:20:48+0000","4.2.23",6650267138260992,6,1479161737116,1479161737117,1479161737118,2016-11-15 19:20:43,2016-11-15 19:20:00,"+02:00",2,1,NA,NA,NA,12,NA,NA
"351","2016/11/15 17:51:20+0000","4.2.23",6650267138260992,6,1479161737116,1479161737117,1479161737118,2016-11-15 17:51:15,2016-11-15 17:47:00,"+02:00",2,1,NA,NA,NA,11,NA,NA
"352","2016/11/15 17:14:07+0000","4.2.23",6650267138260992,6,1479161737116,1479161737117,1479161737118,2016-11-15 17:13:59,2016-11-15 16:55:00,"+02:00",2,2,NA,NA,NA,37,NA,NA
"353","2016/11/15 15:24:26+0000","4.2.23",6650267138260992,5,1479161737116,1479161737117,1479161737118,2016-11-15 15:24:19,2016-11-15 15:24:00,"+02:00",3,1,NA,NA,NA,13,NA,NA
"354","2016/11/15 14:25:07+0000","4.2.23",6650267138260992,5,1479161737116,1479161737117,1479161737118,NA,2016-11-15 13:55:00,"+02:00",NA,NA,NA,NA,NA,NA,NA,NA
"355","2016/11/15 12:00:05+0000","4.2.23",6650267138260992,5,1479161737116,1479161737117,1479161737118,NA,2016-11-15 11:30:00,"+02:00",NA,NA,NA,NA,NA,NA,NA,NA
"356","2016/11/15 10:49:23+0000","4.2.23",6650267138260992,5,1479161737116,1479161737117,1479161737118,2016-11-15 10:49:16,2016-11-15 10:40:00,"+02:00",4,3,NA,NA,NA,27,NA,NA
"357","2016/11/15 08:25:51+0000","4.2.23",6650267138260992,5,1479161737116,1479161737117,1479161737118,2016-11-15 08:25:42,2016-11-15 08:25:00,"+02:00",5,4,NA,NA,NA,35,NA,NA
"358","2016/11/14 22:17:50+0000","4.2.23",6650267138260992,5,0,0,0,2016-11-14 22:17:46,NA,"+02:00",NA,NA,NA,NA,NA,NA,"true","New Group:[1479161737116:(1479161737118:Randomly 8 times per day between 10:00a.m. and 10:00p.m. incl weekends )]"
